{"Device_WaterHeater_Click":{"sales_model":"ignore  데이터 수집 유\/무만 검증하고, 값의 정확성은 검증 안함","click_item":"설정=setting,제품 이름=device_name,공간=space,온도 단위=temperature_unit,네트워크 변경=change_network,제품 정보=device_information,제품 삭제=delete_device,메인 탭=main_tab,운전 모드=operation_mode,가열 시간=schedule,추가=add_schedule,시작 시간=start_time,종료 시간=end_time,가열 시간 삭제=delete_schedule,가열 시간 삭제=delete_schedule,추가=edit_schedule,시작 시간=start_time,종료 시간=end_time,가열 시간 삭제=delete_schedule,휴가 기간=vacation_period,에너지 모니터링=energy_monitoring,스마트 진단=smart_diagnosis,제품 사용설명서=user_manual,Demand Resonse=demand_response,Advanced LoadUp=advanced_load_up,Time of Use=time_of_use,Plan Name=plan_name,Season Plan Settings=season_plan_settings,Seasonal Settings=seasonal_settings,추가=add_period,Start Time=start_time,End Time=end_time,Rate=rate,추가=edit_period,Start Time=start_time,End Time=end_time,Rate=rate","select_season":"season_1\/season_2\/season_3","thinq_model":"ignore  데이터 수집 유\/무만 검증하고, 값의 정확성은 검증 안함","tab_name":" 제품 메인 화면에서 선택한 탭의 영문이름 확인제품 탭=device,유용한 기능 탭=features","device_type":"406.0","screen_name_en":"WaterHeater_Main,WaterHeater_Setting,WaterHeater_Setting,WaterHeater_Setting,WaterHeater_Setting,WaterHeater_Setting,WaterHeater_Setting,WaterHeater_Main,WaterHeater_Main,WaterHeater_Main,WaterHeater_Schedule,WaterHeater_AddSchedule,WaterHeater_AddSchedule,WaterHeater_Schedule,WaterHeater_DeleteSchedule,WaterHeater_Schedule,WaterHeater_EditSchedule,WaterHeater_EditSchedule,WaterHeater_EditSchedule,WaterHeater_Main,WaterHeater_Main,WaterHeater_Main,WaterHeater_Main,WaterHeater_Main,WaterHeater_DemandResponse,WaterHeater_Main,WaterHeater_TimeOfUse,WaterHeater_TimeOfUse,WaterHeater_TimeOfUse,WaterHeater_SeasonPlanSettings,WaterHeater_AddPeriodForSeason,WaterHeater_AddPeriodForSeason,WaterHeater_AddPeriodForSeason,WaterHeater_SeasonPlanSettings,WaterHeater_EditPeriodForSeason,WaterHeater_EditPeriodForSeason,WaterHeater_EditPeriodForSeason","type_code":"ignore  제품에 따라 type_code 값이 다름 (각 제품에 대한 정보는 '제품 정보' 탭을 참고) "},"Device_WaterHeater_View":{"device_status":"제품연결됨=connected제품연결끊김=disconnected제품확인필요=need_device_checking","sub_operation_mode_token":"ignore  데이터 수집 유\/무만 검증하고, 값의 정확성은 검증 안함","error_token":"ignore  데이터 수집 유\/무만 검증하고, 값의 정확성은 검증 안함","schedule_count":"ignore  데이터 수집 유\/무만 검증하고, 값의 정확성은 검증 안함","operation_mode":"ignore ex) 자동\/절전\/휴가\/\u2026...' 데이터 수집 유\/무만 검증하고, 값의 정확성은 검증 안함    값이 존재하지 않는 경우 '' (empty string)","device_type":"406.0","sub_operation_detail":"ignore ex) 가열중\/히터동작\/컴프동작\/\u2026..' 데이터 수집 유\/무만 검증하고, 값의 정확성은 검증 안함    값이 존재하지 않는 경우 '' (empty string)","operation_mode_token":"ignore  데이터 수집 유\/무만 검증하고, 값의 정확성은 검증 안함","energy_monitoring_status":"데이터로딩 완료=complete_load_data사용이력없음=no_history데이터로딩실패=fail_load_data","error_string":"ignore  데이터 수집 유\/무만 검증하고, 값의 정확성은 검증 안함","sales_model":"ignore  데이터 수집 유\/무만 검증하고, 값의 정확성은 검증 안함","thinq_model":"ignore  데이터 수집 유\/무만 검증하고, 값의 정확성은 검증 안함","sub_operation_detail_token":"ignore  데이터 수집 유\/무만 검증하고, 값의 정확성은 검증 안함","error_code":"ignore  데이터 수집 유\/무만 검증하고, 값의 정확성은 검증 안함","sub_operation_mode":"ignore ex) 가열중\/가열대기중\/\u2026..' 데이터 수집 유\/무만 검증하고, 값의 정확성은 검증 안함    값이 존재하지 않는 경우 '' (empty string)","is_dr_supported":"true, false","dr_status":"in_progress\/paused\/opt_out","screen_name_en":"WaterHeater_Main,WaterHeater_Schedule,WaterHeater_EnergyMonitoring","type_code":"ignore  제품에 따라 type_code 값이 다름 (각 제품에 대한 정보는 '제품 정보' 탭을 참고) "},"Device_WaterHeater_Delete":{"sales_model":"ignore  데이터 수집 유\/무만 검증하고, 값의 정확성은 검증 안함","schedule_count":"ignore  데이터 수집 유\/무만 검증하고, 값의 정확성은 검증 안함","select_season":"season_1\/season_2\/season_3","function_name":"제품 삭제=delete_device,가열 시간 삭제=delete_schedule,가열 시간 삭제=delete_schedule,Season Plan Setting 삭제=delete_season_plan_setting","thinq_model":"ignore  데이터 수집 유\/무만 검증하고, 값의 정확성은 검증 안함","device_type":"406.0","screen_name_en":"WaterHeater_Setting,WaterHeater_DeleteSchedule,WaterHeater_EditSchedule,WaterHeater_SeasonPlanSettings","type_code":"ignore  제품에 따라 type_code 값이 다름 (각 제품에 대한 정보는 '제품 정보' 탭을 참고) "},"Device_WaterHeater_Set":{"ui_name":"stepper, slider","temp_control":"up,down","weekdays_hour_count":"저장 시점의 WeekDays 에 사용되고 있는 시간대 개수('X of 24 has used' 의 X 값)","error_token":"ignore  데이터 수집 유\/무만 검증하고, 값의 정확성은 검증 안함","schedule_count":"ignore  데이터 수집 유\/무만 검증하고, 값의 정확성은 검증 안함","operation_mode":"ignore ex) 자동\/절전\/휴가\/\u2026...' 데이터 수집 유\/무만 검증하고, 값의 정확성은 검증 안함    값이 존재하지 않는 경우 '' (empty string)","device_type":"406.0","weekdays_period_count":"저장 시점의 WeekDays 에 추가되어 있는 Period 개수","weekend_period_count":"저장 시점의 Weekend 에 추가되어 있는 Period 개수","operation_mode_token":"ignore  데이터 수집 유\/무만 검증하고, 값의 정확성은 검증 안함","is_toggle_on":"true, false,false,true, false,true, false,true, false,true, false,true, false,true, false,true, false,true, false","weekend_hour_count":"저장 시점의 Weekend 에 사용되고 있는 시간대 개수('X of 24 has used' 의 X 값)","error_string":"ignore  데이터 수집 유\/무만 검증하고, 값의 정확성은 검증 안함","sales_model":"ignore  데이터 수집 유\/무만 검증하고, 값의 정확성은 검증 안함","select_season":"season_1\/season_2\/season_3","function_name":"ignore 온도 단위 설정=set_temperature_unit,스마트 진단=smart_diagnosis,운전 모드=operation_mode,온도 변경=temp_control,가열 시간 추가=add_schedule,가열 시간 편집=edit_schedule,일정 활성화=schedule_activation,휴가 기간 설정=set_vacation_period,휴가 기간 활성화=vacation_period_activation,기간=monitoring_period,알림 허용=allow_notification,필터 청소 알림=filter_cleaning_alert,Anode봉 알림=anode_rod,드레인 알림=drain,T&P value 알림=t_and_p_value,Demand Resonse=demand_response,Demand Resonse=demand_response,Advanced LoadUp=advanced_load_up,Time of Use=time_of_use,Plan Name 설정=set_plan_name,Season Plan Setting 설정=set_season_plan_setting,Seasonal Settings 설정=set_seasonal_settings,가열 시간 추가=add_period,가열 시간 추가=edit_period","thinq_model":"ignore  데이터 수집 유\/무만 검증하고, 값의 정확성은 검증 안함","tab_name":" 제품 메인 화면에서 선택한 탭의 영문이름 확인제품 탭=device,유용한 기능 탭=features","error_code":"ignore  데이터 수집 유\/무만 검증하고, 값의 정확성은 검증 안함","dr_status":"in_progress\/paused\/opt_out","screen_name_en":"WaterHeater_TemperatureUnit,WaterHeater_Main,WaterHeater_Main,WaterHeater_Main,WaterHeater_AddSchedule,WaterHeater_EditSchedule,WaterHeater_Schedule,WaterHeater_VacationPeriod,WaterHeater_Main,WaterHeater_EnergyMonitoring,WaterHeater_NotiSetting,WaterHeater_NotiSetting,WaterHeater_NotiSetting,WaterHeater_NotiSetting,WaterHeater_NotiSetting,WaterHeater_Main,WaterHeater_DemandResponse,WaterHeater_DemandResponse,WaterHeater_TimeOfUse,WaterHeater_PlanName,WaterHeater_SeasonPlanSettings,WaterHeater_SeasonalSettings,WaterHeater_AddPeriodForSeason,WaterHeater_EditPeriodForSeason","period_type":"day, week, month, year","type_code":"ignore  제품에 따라 type_code 값이 다름 (각 제품에 대한 정보는 '제품 정보' 탭을 참고) ","temp_unit":"°C=C °F=F "}}